mean_brightness,contrast_std,median,min_pixel,max_pixel,p5,p95,dark_ratio,bright_ratio,edge_count,edge_density,label
157.1368865966797,16.37973629094854,157.0,78,245,131.0,183.0,1.52587890625e-05,0.073486328125,0,0.0,0
157.60073852539062,17.33272318222418,157.0,89,248,131.0,186.0,0.0,0.085906982421875,0,0.0,0
159.66030883789062,15.86374525846032,160.0,87,247,134.0,185.0,0.0,0.0917510986328125,0,0.0,0
159.90078735351562,15.48756989193005,160.0,94,250,135.0,185.0,0.0,0.08831787109375,0,0.0,0
166.0094451904297,20.078959868885327,164.0,101,254,137.0,204.0,0.0,0.1926422119140625,0,0.0,0
167.1727294921875,19.659891473134312,166.0,96,255,138.0,202.0,0.0,0.21295166015625,67,0.0010223388671875,0
159.36111450195312,16.79153251892326,159.0,80,251,134.0,187.0,0.0,0.0930938720703125,0,0.0,0
159.0943603515625,17.65858947943889,158.0,54,253,133.0,189.0,0.000213623046875,0.0956878662109375,0,0.0,0
153.5911865234375,15.658464685810404,154.0,90,252,128.0,179.0,0.0,0.0390625,0,0.0,0
152.71615600585938,16.01732457351228,153.0,83,250,126.0,179.0,0.0,0.0379180908203125,0,0.0,0
153.10055541992188,15.894855890611453,153.0,84,250,127.0,179.0,0.0,0.0391845703125,0,0.0,0
153.81895446777344,15.436975580371037,154.0,85,246,128.0,179.0,0.0,0.0396881103515625,0,0.0,0
155.2134246826172,16.993758830437613,155.0,86,253,129.0,183.0,0.0,0.0633087158203125,0,0.0,0
155.1045684814453,16.579717425524095,155.0,82,252,129.0,183.0,0.0,0.06304931640625,0,0.0,0
152.54087829589844,16.51432247436116,153.0,67,242,125.0,179.0,1.52587890625e-05,0.043548583984375,0,0.0,0
149.9501495361328,16.092054739736685,150.0,54,236,123.0,176.0,0.0001678466796875,0.0256805419921875,0,0.0,0
147.69491577148438,16.51527767729148,148.0,69,246,121.0,174.0,9.1552734375e-05,0.020477294921875,0,0.0,0
148.3323974609375,16.485926806822704,148.0,64,246,122.0,175.0,0.0001220703125,0.0244598388671875,0,0.0,0
150.85842895507812,16.59552946622191,151.0,75,241,124.0,178.0,1.52587890625e-05,0.037261962890625,0,0.0,0
149.98558044433594,16.307608677921934,150.0,62,246,124.0,176.0,0.0001373291015625,0.028564453125,0,0.0,0
151.6078338623047,16.154234386258835,152.0,80,245,125.0,178.0,0.0,0.0348663330078125,0,0.0,0
153.7867889404297,15.805412447972442,154.0,83,241,128.0,179.0,0.0,0.0425872802734375,0,0.0,0
155.32208251953125,16.23905105626663,155.0,77,251,129.0,182.0,1.52587890625e-05,0.05865478515625,0,0.0,0
156.48175048828125,16.13844586760845,156.0,70,247,130.0,183.0,1.52587890625e-05,0.0660858154296875,0,0.0,0
155.608154296875,15.62593229754944,156.0,78,252,130.0,181.0,1.52587890625e-05,0.0529632568359375,0,0.0,0
156.2132568359375,15.925079183797083,156.0,90,244,130.0,182.0,0.0,0.059326171875,0,0.0,0
156.98922729492188,16.892554704858522,157.0,78,250,130.0,185.0,1.52587890625e-05,0.0769195556640625,0,0.0,0
158.5195770263672,17.326325390990778,158.0,76,242,131.0,187.0,3.0517578125e-05,0.0991973876953125,39,0.0005950927734375,0
166.99301147460938,24.083075998492898,164.0,91,255,136.0,214.0,0.0,0.190399169921875,107,0.0016326904296875,0
158.6563262939453,15.618815395708214,158.0,79,253,134.0,184.0,1.52587890625e-05,0.08013916015625,0,0.0,0
162.70359802246094,18.414573517080246,161.0,88,252,136.0,195.0,0.0,0.1470489501953125,0,0.0,0
160.02793884277344,16.032314971697897,160.0,92,247,134.0,187.0,0.0,0.0997772216796875,0,0.0,0
166.2186737060547,23.57580973657289,163.0,76,255,134.0,209.0,1.52587890625e-05,0.2174835205078125,0,0.0,0
165.94183349609375,24.013526369300145,163.0,91,255,134.0,216.0,0.0,0.198974609375,0,0.0,0
160.9374237060547,20.419584161713942,159.0,79,254,131.0,198.0,1.52587890625e-05,0.1362457275390625,0,0.0,0
159.0462188720703,18.420327262761422,158.0,68,252,131.0,190.0,1.52587890625e-05,0.1098175048828125,0,0.0,0
157.20547485351562,17.09270425864893,157.0,78,248,130.0,185.0,1.52587890625e-05,0.080322265625,0,0.0,0
156.97799682617188,17.411616002467223,157.0,78,246,129.0,186.0,1.52587890625e-05,0.0865478515625,0,0.0,0
157.76470947265625,18.865269789665955,157.0,81,255,129.0,188.0,0.0,0.09765625,0,0.0,0
162.77407836914062,26.590221346990404,159.0,84,255,129.0,221.25,0.0,0.1710968017578125,0,0.0,0
155.71572875976562,16.8221457915421,156.0,86,241,128.0,183.0,0.0,0.0653533935546875,0,0.0,0
157.20327758789062,16.85990261424171,157.0,88,243,129.0,184.0,0.0,0.0777435302734375,0,0.0,0
156.5824737548828,17.228392507210007,156.0,89,254,129.0,184.0,0.0,0.0735321044921875,0,0.0,0
166.23532104492188,27.038618057094883,162.0,85,255,131.0,229.0,0.0,0.201141357421875,0,0.0,0
157.5218505859375,16.6878075549005,158.0,80,249,130.0,184.0,0.0,0.0787811279296875,0,0.0,0
158.24607849121094,18.274725269667595,158.0,84,250,128.0,188.0,0.0,0.1083526611328125,0,0.0,0
157.98362731933594,15.736258882900465,158.0,90,244,132.0,183.0,0.0,0.070831298828125,0,0.0,0
159.01190185546875,17.51337149436803,159.0,87,235,131.0,188.0,0.0,0.1103363037109375,0,0.0,0
160.1905975341797,17.932458360156694,160.0,92,250,132.0,189.0,0.0,0.110198974609375,0,0.0,0
159.75985717773438,16.795101937788157,159.0,85,251,133.0,187.0,0.0,0.1012115478515625,0,0.0,0
158.97637939453125,17.09517347039839,159.0,82,250,132.0,187.0,0.0,0.09490966796875,0,0.0,0
152.8703155517578,31.629290217975292,156.0,24,254,96.0,199.0,0.018341064453125,0.1910247802734375,992,0.01513671875,0
161.7268829345703,31.970429222809027,164.0,32,254,104.0,208.0,0.0118408203125,0.295806884765625,388,0.00592041015625,0
150.49789428710938,34.17870036731056,152.0,13,255,91.0,202.0,0.0279388427734375,0.1894683837890625,2293,0.0349884033203125,0
162.9580841064453,32.18349723315507,166.0,24,255,105.0,209.0,0.0091400146484375,0.3243865966796875,235,0.0035858154296875,0
158.53631591796875,31.95763157022013,161.0,21,253,102.0,205.0,0.0127105712890625,0.268218994140625,29,0.0004425048828125,0
161.43846130371094,29.219734853064466,164.0,25,254,111.0,204.0,0.0056304931640625,0.2728271484375,14,0.000213623046875,0
155.11102294921875,27.916959566261475,156.0,25,255,108.0,199.25,0.00634765625,0.1759033203125,73,0.0011138916015625,0
157.0421905517578,26.891814990580606,158.0,25,255,112.0,199.0,0.0051422119140625,0.184967041015625,30,0.000457763671875,0
165.6888427734375,24.76213589437413,167.0,37,255,123.0,202.0,0.0020904541015625,0.285614013671875,25,0.0003814697265625,0
164.6658935546875,29.461192426840526,167.0,23,254,113.0,208.0,0.00726318359375,0.3057861328125,1171,0.0178680419921875,0
165.172607421875,24.20437056265177,166.0,36,254,124.0,202.0,0.001861572265625,0.2633056640625,39,0.0005950927734375,0
165.33609008789062,23.65628266377553,168.0,37,251,123.0,199.0,0.002044677734375,0.263671875,0,0.0,0
164.69924926757812,26.683236118740023,168.0,34,254,116.0,202.0,0.0047760009765625,0.2902069091796875,55,0.0008392333984375,0
162.7532958984375,32.051926750574026,167.0,32,253,104.0,208.0,0.0121612548828125,0.321319580078125,427,0.0065155029296875,0
155.72720336914062,27.1771703116528,157.0,23,253,109.0,197.0,0.008209228515625,0.159698486328125,286,0.004364013671875,0
168.07400512695312,26.68688566054051,168.0,36,254,123.0,210.0,0.0021820068359375,0.33062744140625,162,0.002471923828125,0
167.93727111816406,28.39089241712391,169.0,28,253,120.0,212.0,0.0014190673828125,0.34814453125,0,0.0,0
171.45889282226562,28.263428123318125,173.0,44,255,122.0,215.0,0.0016632080078125,0.3971099853515625,0,0.0,0
151.77772521972656,34.68126772280003,153.0,27,254,92.0,206.0,0.022064208984375,0.2177886962890625,717,0.0109405517578125,0
155.47537231445312,27.030532598329806,156.0,30,254,110.0,198.0,0.0054168701171875,0.1644439697265625,92,0.00140380859375,0
153.98941040039062,29.52962716967998,155.0,29,253,103.0,200.0,0.0115966796875,0.1788787841796875,148,0.00225830078125,0
151.7178192138672,30.46817272858641,154.0,26,251,97.0,198.0,0.0189056396484375,0.16326904296875,0,0.0,0
160.5597686767578,27.73152491025073,161.0,37,254,114.0,205.0,0.0044403076171875,0.2336883544921875,38,0.000579833984375,0
172.38404846191406,21.653149891217183,173.0,63,252,135.0,205.0,0.000244140625,0.3644561767578125,22,0.000335693359375,0
166.00375366210938,21.79362062559869,166.0,62,252,130.0,201.0,0.000274658203125,0.2488250732421875,0,0.0,0
164.05992126464844,21.5991831904763,164.0,64,250,129.0,199.0,0.0001068115234375,0.219879150390625,0,0.0,0
146.59251403808594,31.244422130954643,149.0,18,253,90.0,194.0,0.0290069580078125,0.1152191162109375,317,0.0048370361328125,0
150.38783264160156,27.588168059376137,150.0,37,254,105.0,196.0,0.0064697265625,0.125457763671875,106,0.001617431640625,0
145.88348388671875,31.816654983623096,148.0,39,250,91.0,195.0,0.020904541015625,0.140045166015625,212,0.00323486328125,0
153.88302612304688,33.01573020751696,156.0,38,252,97.0,205.0,0.012481689453125,0.224365234375,147,0.0022430419921875,0
149.45205688476562,35.91974964206079,152.0,34,253,87.0,205.0,0.0286865234375,0.20794677734375,2519,0.0384368896484375,0
131.1735076904297,39.0576637717234,132.0,22,253,67.0,194.0,0.1032867431640625,0.1079864501953125,8170,0.124664306640625,0
149.39157104492188,34.745588393916066,151.0,33,254,89.0,204.0,0.0257720947265625,0.19769287109375,890,0.013580322265625,0
144.97293090820312,35.07698920667629,147.0,33,253,84.75,200.0,0.0367279052734375,0.1613922119140625,1037,0.0158233642578125,0
143.9319305419922,35.84207467983055,145.0,31,251,83.0,201.0,0.0409393310546875,0.158721923828125,1101,0.0167999267578125,0
139.3649139404297,38.09634995547917,141.0,33,253,75.0,200.0,0.0682220458984375,0.1475830078125,1222,0.018646240234375,0
135.5952911376953,38.549397850399345,137.0,24,254,71.0,197.0,0.084808349609375,0.1292572021484375,994,0.015167236328125,0
138.7823486328125,37.62419120875332,140.0,29,254,74.0,198.25,0.0675048828125,0.1370086669921875,1608,0.0245361328125,0
141.1990509033203,37.545968403570456,143.0,22,253,77.0,201.0,0.0579833984375,0.1542816162109375,787,0.0120086669921875,0
146.82957458496094,37.70561175656348,149.0,35,254,81.0,205.0,0.044891357421875,0.2004241943359375,886,0.013519287109375,0
133.7117919921875,39.900693899282416,134.0,20,253,68.0,199.0,0.09765625,0.1294097900390625,3596,0.05487060546875,0
133.33958435058594,39.907380936317736,134.0,15,253,67.0,198.0,0.10089111328125,0.127288818359375,3165,0.0482940673828125,0
134.02371215820312,39.34586113948673,135.0,13,253,68.0,197.0,0.0936279296875,0.1239166259765625,2427,0.0370330810546875,0
140.317626953125,39.0742502400215,141.0,24,254,75.0,204.0,0.0650482177734375,0.163482666015625,1488,0.022705078125,0
132.53207397460938,38.73680403550547,132.0,8,253,69.0,197.0,0.09014892578125,0.11541748046875,1355,0.0206756591796875,0
128.4288787841797,38.14887798134502,128.0,18,253,66.0,192.0,0.107513427734375,0.0922393798828125,1225,0.0186920166015625,0
139.63197326660156,42.07826435179613,141.0,24,254,68.0,207.0,0.0918121337890625,0.1782989501953125,3289,0.0501861572265625,0
147.936767578125,42.006175716097786,150.0,21,254,76.0,215.0,0.06024169921875,0.2421722412109375,1705,0.0260162353515625,0
146.20172119140625,34.59154124986926,146.0,35,254,89.0,203.0,0.0239715576171875,0.16595458984375,359,0.0054779052734375,0
146.72787475585938,34.83346149391956,148.0,37,254,88.0,202.0,0.0277862548828125,0.17376708984375,254,0.003875732421875,0
144.99488830566406,35.5004545988784,146.0,34,251,85.0,202.0,0.0349578857421875,0.1655426025390625,240,0.003662109375,0
148.73434448242188,34.777166916916535,150.0,36,253,89.0,204.0,0.024749755859375,0.1899261474609375,67,0.0010223388671875,0
146.61500549316406,36.71461271646667,148.0,34,253,84.0,205.0,0.0370025634765625,0.1887664794921875,176,0.002685546875,0
146.74868774414062,36.60661461413056,148.0,27,252,84.0,205.0,0.0388031005859375,0.1884918212890625,334,0.005096435546875,0
147.9260711669922,35.70294909326625,149.0,29,253,87.0,204.0,0.0312347412109375,0.18975830078125,240,0.003662109375,0
150.01451110839844,35.789620848064885,152.0,30,253,89.0,207.0,0.0270233154296875,0.2086181640625,32,0.00048828125,0
146.6550750732422,35.834811672458464,148.0,29,253,85.0,204.0,0.0338134765625,0.1810455322265625,91,0.0013885498046875,0
146.75892639160156,36.06502938547124,148.0,31,253,85.0,204.0,0.03369140625,0.1851654052734375,192,0.0029296875,0
148.068359375,35.075452673037674,149.0,37,252,89.0,204.0,0.0268707275390625,0.18597412109375,52,0.00079345703125,0
150.1728057861328,34.60768459614957,151.0,21,255,91.0,206.0,0.0214996337890625,0.199371337890625,162,0.002471923828125,0
148.41375732421875,35.32596720098756,150.0,37,252,88.0,204.0,0.0293731689453125,0.191314697265625,244,0.00372314453125,0
147.44512939453125,35.748334231813764,149.0,32,250,86.0,204.0,0.0330963134765625,0.18768310546875,135,0.0020599365234375,0
149.8037109375,35.2482587100174,152.0,27,253,89.0,205.0,0.0271759033203125,0.202301025390625,126,0.001922607421875,0
130.75819396972656,39.82793595096577,131.0,21,253,65.0,195.0,0.113433837890625,0.1112823486328125,4652,0.07098388671875,0
155.52734375,32.008355241996604,157.0,39,253,100.0,206.0,0.0108795166015625,0.22991943359375,0,0.0,0
151.537109375,32.46324585420227,153.0,38,250,96.0,203.0,0.013641357421875,0.195648193359375,50,0.000762939453125,0
150.25001525878906,32.21178934588293,151.0,36,252,95.0,201.0,0.015777587890625,0.1813507080078125,54,0.000823974609375,0
149.7397003173828,32.16617555996253,151.0,37,253,95.0,201.0,0.016571044921875,0.1751556396484375,0,0.0,0
150.77088928222656,32.29387593572275,152.0,39,253,96.0,202.0,0.01531982421875,0.1843719482421875,75,0.0011444091796875,0
149.28028869628906,32.55561328236758,150.0,37,252,94.0,201.0,0.01898193359375,0.175933837890625,34,0.000518798828125,0
150.25241088867188,32.35805338807552,151.0,34,251,95.0,202.0,0.017242431640625,0.1825714111328125,28,0.00042724609375,0
151.64085388183594,32.133988194641304,152.0,40,254,97.0,203.0,0.0138397216796875,0.19305419921875,73,0.0011138916015625,0
151.76324462890625,31.765094323833996,153.0,38,253,98.0,203.0,0.01324462890625,0.1907806396484375,59,0.0009002685546875,0
151.69720458984375,31.79321887761201,153.0,32,252,98.0,203.0,0.013580322265625,0.1889801025390625,80,0.001220703125,0
162.3719482421875,28.414351248932498,164.0,61,253,112.0,209.0,0.00189208984375,0.24310302734375,88,0.0013427734375,0
147.9098358154297,28.557324022175397,145.0,20,254,107.0,201.0,0.0077056884765625,0.123504638671875,792,0.0120849609375,0
155.90838623046875,24.941241970058933,153.0,63,253,121.0,204.0,0.0001983642578125,0.154571533203125,59,0.0009002685546875,0
159.3209228515625,23.910174549758256,156.0,74,254,127.0,206.0,3.0517578125e-05,0.1680145263671875,269,0.0041046142578125,0
157.16287231445312,23.348798785763925,154.0,61,254,125.0,202.0,0.0002593994140625,0.1407470703125,198,0.003021240234375,0
155.97381591796875,25.491431219422562,153.0,38,253,120.0,204.0,0.0007781982421875,0.1514434814453125,199,0.0030364990234375,0
158.04608154296875,26.842349020797123,155.0,50,255,120.0,209.0,0.00115966796875,0.1712493896484375,723,0.0110321044921875,0
161.9871826171875,24.61529542914948,159.0,49,254,127.0,210.0,0.000335693359375,0.1890869140625,358,0.005462646484375,0
149.52793884277344,27.213551310673193,146.0,37,254,112.0,202.0,0.0018157958984375,0.1223602294921875,619,0.0094451904296875,0
150.79730224609375,27.019239949319832,147.0,41,255,114.0,204.0,0.0011138916015625,0.1277008056640625,1567,0.0239105224609375,0
150.22808837890625,28.135512503350167,146.0,46,254,112.0,207.0,0.002105712890625,0.130889892578125,1645,0.0251007080078125,0
155.1404266357422,25.773643128984453,152.0,53,254,119.0,206.0,0.000457763671875,0.141571044921875,615,0.0093841552734375,0
168.9154510498047,20.918046624748165,166.0,89,254,139.0,208.0,0.0,0.249359130859375,39,0.0005950927734375,0
169.33042907714844,20.021405612839526,167.0,91,253,141.0,207.0,0.0,0.241455078125,46,0.000701904296875,0
168.8098907470703,21.388632701464612,165.0,84,253,140.0,211.0,0.0,0.241363525390625,17,0.0002593994140625,0
165.9574737548828,20.78592980647831,162.0,90,252,139.0,207.0,0.0,0.209381103515625,21,0.0003204345703125,0
173.36312866210938,20.780897650362284,170.0,96,253,145.0,214.0,0.0,0.308380126953125,0,0.0,0
174.48440551757812,18.38784613472245,172.0,96,252,149.0,210.0,0.0,0.3154144287109375,0,0.0,0
170.4064178466797,18.11297421490675,168.0,105,254,146.0,205.0,0.0,0.23846435546875,15,0.0002288818359375,0
172.7906951904297,19.24348635404235,169.0,106,253,147.0,210.0,0.0,0.2805633544921875,33,0.0005035400390625,0
169.82569885253906,20.365451548901582,166.0,105,253,143.0,210.0,0.0,0.24462890625,0,0.0,0
133.38226318359375,31.862281935109028,129.0,24,254,88.0,194.0,0.0248565673828125,0.0856781005859375,1835,0.0279998779296875,0
131.54466247558594,30.326938932075507,126.0,38,254,93.0,192.0,0.0104522705078125,0.0792694091796875,2400,0.03662109375,0
142.8319549560547,28.423073349512364,139.0,39,254,104.0,198.0,0.004486083984375,0.101806640625,1216,0.0185546875,0
151.3506317138672,26.74940100278277,148.0,67,254,114.0,202.0,0.00030517578125,0.1374969482421875,1358,0.020721435546875,0
158.2666473388672,29.444285740960126,156.0,54,254,115.0,211.0,0.0007171630859375,0.2198486328125,562,0.008575439453125,0
168.65052795410156,28.039700031535137,166.0,67,255,127.0,218.0,9.1552734375e-05,0.32379150390625,567,0.0086517333984375,0
167.946044921875,22.523929744055977,166.0,90,254,134.0,209.0,0.0,0.2560272216796875,19,0.0002899169921875,0
170.76187133789062,21.028378798811325,169.0,89,254,139.0,209.0,0.0,0.2816162109375,0,0.0,0
169.40245056152344,23.309958431656813,166.0,58,254,137.0,213.0,0.00042724609375,0.2758331298828125,139,0.0021209716796875,0
166.87147521972656,21.38186497281789,167.0,48,254,132.0,201.0,0.0003204345703125,0.23480224609375,0,0.0,0
165.06549072265625,20.319667047573155,165.0,74,254,133.0,199.0,7.62939453125e-05,0.1963043212890625,0,0.0,0
129.42568969726562,19.55829615999391,129.0,46,248,100.0,162.0,0.0039825439453125,0.0189666748046875,19,0.0002899169921875,0
171.7152099609375,20.84037885863742,171.0,83,253,140.0,208.0,0.0,0.3113861083984375,0,0.0,0
151.52662658691406,34.09115667066769,147.0,54,254,102.0,215.0,0.003509521484375,0.20391845703125,3321,0.0506744384765625,0
156.53077697753906,29.124913535016457,154.0,56,254,113.0,210.0,0.0017547607421875,0.19805908203125,2484,0.03790283203125,0
155.73939514160156,27.8998218078456,154.0,35,254,112.0,204.0,0.0045623779296875,0.17730712890625,1704,0.0260009765625,0
159.41476440429688,19.24521721176435,159.0,74,251,130.0,192.0,6.103515625e-05,0.1182861328125,0,0.0,0
160.70477294921875,19.06120478879039,160.0,85,252,132.0,194.0,0.0,0.1272125244140625,16,0.000244140625,0
167.2910614013672,19.81170864655509,167.0,65,253,137.0,201.0,7.62939453125e-05,0.225799560546875,31,0.0004730224609375,0
172.77630615234375,19.134764986329255,173.0,87,252,142.0,204.0,0.0,0.332275390625,0,0.0,0
172.08616638183594,18.998582653964586,172.0,85,254,142.0,204.0,0.0,0.3021087646484375,0,0.0,0
167.69952392578125,19.138243245127843,167.0,79,251,137.0,200.0,1.52587890625e-05,0.2249908447265625,24,0.0003662109375,0
169.9180450439453,21.013990127194837,170.0,77,253,134.0,205.0,1.52587890625e-05,0.287353515625,19,0.0002899169921875,0
177.2320556640625,15.928487656285288,176.0,76,251,153.0,205.0,1.52587890625e-05,0.3848114013671875,39,0.0005950927734375,0
180.75547790527344,15.490583221425755,180.0,99,252,157.0,207.0,0.0,0.485198974609375,0,0.0,0
169.8278045654297,16.544492797326537,168.0,93,250,146.0,199.0,0.0,0.2218780517578125,0,0.0,0
168.9152374267578,18.963508555561162,169.0,69,249,139.0,200.0,1.52587890625e-05,0.2664947509765625,0,0.0,0
162.7330322265625,19.634971129213692,162.0,70,252,132.0,196.0,4.57763671875e-05,0.1727142333984375,0,0.0,0
161.6275177001953,19.61247342871358,161.0,78,249,131.0,195.0,1.52587890625e-05,0.1596527099609375,0,0.0,0
165.9930877685547,17.52905471575385,165.0,93,249,140.0,196.0,0.0,0.1943206787109375,0,0.0,0
167.34661865234375,18.86575523916873,166.0,66,252,138.0,200.0,1.52587890625e-05,0.2223358154296875,0,0.0,0
164.4724578857422,19.198231347989495,164.0,60,251,134.0,196.0,9.1552734375e-05,0.1838531494140625,0,0.0,0
165.33189392089844,17.927467853197204,164.0,90,251,138.0,196.0,0.0,0.1808624267578125,0,0.0,0
172.830810546875,17.754458456820554,172.0,100,251,145.0,203.0,0.0,0.312255859375,0,0.0,0
171.88296508789062,18.078569107748667,172.0,79,251,143.0,201.0,1.52587890625e-05,0.311279296875,0,0.0,0
170.80694580078125,18.288841188269906,170.0,79,253,142.0,201.0,1.52587890625e-05,0.2902069091796875,0,0.0,0
169.99314880371094,19.827059111411316,170.0,76,251,137.0,201.0,4.57763671875e-05,0.295684814453125,67,0.0010223388671875,0
166.29638671875,18.953911138396883,166.0,57,251,135.0,197.0,4.57763671875e-05,0.22015380859375,0,0.0,0
163.80189514160156,19.415213514602872,164.0,73,249,132.0,195.0,3.0517578125e-05,0.18792724609375,0,0.0,0
165.50372314453125,19.304985916995182,165.0,77,250,134.0,197.0,1.52587890625e-05,0.2109527587890625,0,0.0,0
173.81698608398438,18.86373178234238,174.0,87,252,143.0,205.0,0.0,0.35491943359375,0,0.0,0
172.32476806640625,19.040101802006657,173.0,72,250,140.0,203.0,3.0517578125e-05,0.3329315185546875,0,0.0,0
173.47279357910156,18.011020038256422,173.0,97,252,145.0,203.0,0.0,0.337188720703125,0,0.0,0
160.60125732421875,18.970857478715335,161.0,71,249,130.0,191.0,3.0517578125e-05,0.1316986083984375,0,0.0,0
160.5024871826172,18.88284708352896,160.0,75,253,130.0,191.0,4.57763671875e-05,0.1289825439453125,0,0.0,0
160.98147583007812,18.91556197896665,161.0,71,250,130.0,191.0,6.103515625e-05,0.1336822509765625,0,0.0,0
174.07879638671875,16.76654469799633,174.0,90,252,148.0,202.0,0.0,0.3314666748046875,0,0.0,0
176.95640563964844,16.94526137600366,176.0,88,253,151.0,206.0,0.0,0.3985443115234375,0,0.0,0
169.96556091308594,18.04839654324728,170.0,75,250,141.0,200.0,1.52587890625e-05,0.25189208984375,0,0.0,0
170.01861572265625,18.110721110124192,170.0,82,250,141.0,201.0,0.0,0.2532958984375,0,0.0,0
170.7185821533203,17.500185201767327,170.0,86,252,143.0,200.0,0.0,0.2568817138671875,0,0.0,0
170.61508178710938,18.206981406970243,170.0,66,253,142.0,201.0,1.52587890625e-05,0.2635498046875,0,0.0,0
166.91737365722656,17.802120390345717,166.0,82,252,139.0,197.0,0.0,0.1946258544921875,0,0.0,0
164.9610595703125,18.11434081102417,165.0,68,251,136.0,195.0,7.62939453125e-05,0.1691741943359375,0,0.0,0
121.95809936523438,33.3530377060264,120.0,11,251,70.0,181.0,0.0984649658203125,0.0506591796875,1643,0.0250701904296875,1
131.7147216796875,25.580154533880854,133.0,2,245,88.0,171.0,0.0289459228515625,0.0256805419921875,576,0.0087890625,1
121.03602600097656,31.582692900123998,120.0,1,248,69.0,178.0,0.085052490234375,0.0451507568359375,2276,0.03472900390625,1
130.01071166992188,27.813358176829844,131.0,12,253,83.0,174.0,0.0385284423828125,0.0289764404296875,1153,0.0175933837890625,1
130.88267517089844,28.39399114343423,132.0,6,253,83.0,175.0,0.038818359375,0.0336761474609375,1411,0.0215301513671875,1
135.94630432128906,28.74425045602982,138.0,1,253,86.0,178.0,0.0356292724609375,0.042083740234375,1813,0.0276641845703125,1
129.4445343017578,24.518051156074076,131.0,7,251,86.0,164.0,0.029541015625,0.0139923095703125,542,0.008270263671875,1
123.23480224609375,24.282147636339,125.0,4,253,81.0,157.0,0.04559326171875,0.01068115234375,475,0.0072479248046875,1
125.04586791992188,22.698236325026105,127.0,11,252,85.0,157.0,0.03350830078125,0.0084991455078125,364,0.00555419921875,1
128.89002990722656,31.02027683883232,131.0,8,250,73.0,176.0,0.0699462890625,0.0343780517578125,842,0.012847900390625,1
125.00965881347656,27.164134088079706,126.0,10,250,78.0,168.0,0.0542449951171875,0.020782470703125,414,0.006317138671875,1
125.20492553710938,25.31364708833779,126.0,5,251,81.0,165.0,0.0444488525390625,0.0155181884765625,260,0.00396728515625,1
126.27435302734375,24.915958328746353,128.0,15,250,82.0,164.0,0.04046630859375,0.0114593505859375,464,0.007080078125,1
122.92568969726562,27.79369594226812,123.0,4,253,77.0,168.0,0.05975341796875,0.0203399658203125,949,0.0144805908203125,1
120.3203125,23.599039659519253,119.0,12,251,84.0,160.0,0.032806396484375,0.0121002197265625,243,0.0037078857421875,1
129.00111389160156,27.920366374753332,130.0,16,249,81.0,172.0,0.046051025390625,0.025115966796875,896,0.013671875,1
129.87564086914062,29.8424688025371,132.0,1,252,76.0,174.0,0.05853271484375,0.0309906005859375,1216,0.0185546875,1
123.26931762695312,25.83219119248065,123.0,12,254,82.0,166.0,0.040618896484375,0.022857666015625,238,0.003631591796875,1
126.45269775390625,25.187595524544644,127.0,18,251,84.0,167.0,0.03509521484375,0.017181396484375,557,0.0084991455078125,1
124.801513671875,24.832488139355252,125.0,14,249,84.0,165.0,0.0359649658203125,0.014190673828125,380,0.00579833984375,1
127.96409606933594,24.88573389629442,129.0,9,250,86.0,167.0,0.0315093994140625,0.0136871337890625,280,0.0042724609375,1
129.4275665283203,21.41696033894069,132.0,2,247,91.0,160.0,0.0213165283203125,0.0068359375,135,0.0020599365234375,1
130.82691955566406,19.353418450832677,133.0,18,245,96.0,157.0,0.0162200927734375,0.00445556640625,51,0.0007781982421875,1
125.53535461425781,21.60497475428476,127.0,8,254,89.0,155.0,0.02392578125,0.011260986328125,194,0.002960205078125,1
126.28109741210938,18.726573754084622,126.0,8,252,96.0,156.0,0.0087127685546875,0.0057525634765625,119,0.0018157958984375,1
115.14241027832031,20.16877785821625,115.0,14,251,83.0,147.0,0.0356292724609375,0.00439453125,206,0.003143310546875,1
112.87208557128906,18.965613596848964,113.0,13,251,82.0,144.0,0.038360595703125,0.002655029296875,100,0.00152587890625,1
116.26911926269531,20.66913060470329,117.0,30,252,82.0,149.0,0.0387725830078125,0.00408935546875,137,0.0020904541015625,1
116.04646301269531,21.247379462774486,116.0,1,252,83.0,147.0,0.037261962890625,0.0090484619140625,564,0.00860595703125,1
111.65524291992188,20.282639017993976,111.0,8,252,80.0,143.0,0.0486602783203125,0.005035400390625,271,0.0041351318359375,1
118.0697021484375,22.32650859065932,118.0,15,248,81.0,155.0,0.043365478515625,0.009246826171875,556,0.00848388671875,1
119.17976379394531,27.158429254706146,120.0,4,249,73.0,163.0,0.0741424560546875,0.0139923095703125,1404,0.02142333984375,1
119.99537658691406,27.967125148961667,121.0,1,251,73.0,164.0,0.080474853515625,0.0113067626953125,1106,0.016876220703125,1
119.72319030761719,24.69318300002094,120.0,5,252,78.0,158.0,0.0552520751953125,0.0078582763671875,447,0.0068206787109375,1
123.96220397949219,25.719889509060778,125.0,11,249,81.0,165.0,0.0443115234375,0.0130767822265625,246,0.003753662109375,1
110.24415588378906,39.845945914844926,110.0,7,253,49.0,176.0,0.26080322265625,0.0381011962890625,10449,0.1594390869140625,1
117.15974426269531,26.265192961163212,117.0,9,252,75.0,160.0,0.06951904296875,0.01226806640625,461,0.0070343017578125,1
125.09172058105469,31.280879681500128,126.0,7,253,73.0,174.0,0.0713348388671875,0.033050537109375,1713,0.0261383056640625,1
132.4931640625,33.677724109850075,137.0,1,254,67.0,180.0,0.08074951171875,0.04779052734375,2679,0.0408782958984375,1
126.77961730957031,31.31759437959183,129.0,3,250,71.0,173.0,0.0733642578125,0.0309295654296875,1559,0.0237884521484375,1
122.66331481933594,36.69169008757536,125.0,1,253,60.0,180.0,0.12481689453125,0.0485992431640625,4813,0.0734405517578125,1
113.09796142578125,28.888010791244774,113.0,2,253,67.0,159.0,0.1061248779296875,0.01654052734375,1328,0.020263671875,1
117.34257507324219,31.035234632293307,116.0,4,251,68.0,169.0,0.10223388671875,0.0252685546875,1335,0.0203704833984375,1
114.56021118164062,30.977634953130085,112.0,7,251,68.0,170.0,0.1087188720703125,0.0283203125,1757,0.0268096923828125,1
126.22618103027344,34.314711495614915,127.0,3,253,68.0,181.0,0.0867919921875,0.052093505859375,4567,0.0696868896484375,1
118.62577819824219,34.64631943090808,117.0,0,254,65.0,177.0,0.1128387451171875,0.0427398681640625,3252,0.04962158203125,1
122.7431640625,30.019461089271257,122.0,4,251,77.0,174.0,0.060394287109375,0.0351409912109375,1164,0.01776123046875,1
126.40341186523438,36.18963492298832,126.0,2,254,68.0,187.0,0.094970703125,0.06878662109375,3120,0.047607421875,1
124.64918518066406,33.97307988852274,125.0,1,254,70.0,180.0,0.087677001953125,0.049652099609375,2719,0.0414886474609375,1
136.6367950439453,32.454702797116404,137.0,0,255,84.0,189.0,0.0401458740234375,0.077911376953125,3561,0.0543365478515625,1
131.9759521484375,32.0403988698322,132.0,2,254,80.0,185.0,0.048248291015625,0.062713623046875,3817,0.0582427978515625,1
130.484130859375,29.237097216364106,130.0,0,253,84.0,179.0,0.0415191650390625,0.0469970703125,2411,0.0367889404296875,1
136.58755493164062,30.913001172758886,136.0,13,253,85.0,190.0,0.0374908447265625,0.0788726806640625,4426,0.067535400390625,1
130.02098083496094,30.743212973126436,129.0,1,255,80.0,183.0,0.0490264892578125,0.0566864013671875,3206,0.048919677734375,1
128.002197265625,29.677099762257377,126.0,2,254,81.0,181.0,0.0451812744140625,0.0505523681640625,2679,0.0408782958984375,1
130.2532196044922,30.79613595991213,129.0,5,254,81.0,182.0,0.0471649169921875,0.054351806640625,2447,0.0373382568359375,1
130.85694885253906,37.238698567656265,129.0,0,254,72.0,196.0,0.07232666015625,0.098175048828125,7657,0.1168365478515625,1
129.6715545654297,38.70698477470752,128.0,1,253,68.0,198.0,0.087646484375,0.1020660400390625,9341,0.1425323486328125,1
134.26736450195312,32.964893333554514,134.0,3,253,79.0,190.0,0.05010986328125,0.081146240234375,4228,0.06451416015625,1
133.66221618652344,29.76296624232273,134.0,10,251,84.0,183.0,0.0389862060546875,0.05926513671875,1787,0.0272674560546875,1
132.89248657226562,34.98617639530286,132.0,2,251,76.0,192.0,0.0588836669921875,0.088470458984375,4615,0.0704193115234375,1
131.76593017578125,36.41514262556769,132.0,7,252,70.0,192.0,0.079681396484375,0.09051513671875,6125,0.0934600830078125,1
125.62600708007812,30.387780392238952,123.0,4,253,81.0,181.0,0.04608154296875,0.0508880615234375,2073,0.0316314697265625,1
126.00639343261719,28.722296945307995,123.0,5,252,84.0,178.0,0.0351409912109375,0.044647216796875,1023,0.0156097412109375,1
132.31748962402344,35.34694570021227,132.0,0,253,74.0,192.0,0.0644683837890625,0.0880889892578125,6221,0.0949249267578125,1
138.28810119628906,33.93402236038617,139.0,0,253,82.0,193.0,0.044036865234375,0.10015869140625,4356,0.06646728515625,1
136.6604766845703,35.543707419545974,137.0,1,254,76.0,195.0,0.056640625,0.104156494140625,5483,0.0836639404296875,1
140.619384765625,38.31024570195986,141.0,0,255,77.0,204.0,0.0544891357421875,0.138031005859375,10565,0.1612091064453125,1
128.79017639160156,32.74319776769421,126.0,1,254,78.0,187.0,0.0536346435546875,0.0688323974609375,4617,0.0704498291015625,1
138.60226440429688,36.17477264310968,138.0,0,255,80.0,200.0,0.04803466796875,0.1202850341796875,6959,0.1061859130859375,1
139.44635009765625,35.007095351649255,140.0,0,253,80.0,197.0,0.048858642578125,0.112274169921875,5858,0.089385986328125,1
140.7653350830078,34.605415636653206,140.0,1,253,84.0,199.0,0.04095458984375,0.11865234375,5387,0.0821990966796875,1
135.61734008789062,38.06737441342006,136.0,0,253,70.0,198.0,0.0723724365234375,0.1158599853515625,8021,0.1223907470703125,1
141.7918701171875,40.427539403305104,143.0,0,253,69.0,207.0,0.0688629150390625,0.1567535400390625,9240,0.1409912109375,1
138.41757202148438,34.48940185613521,141.0,1,249,76.0,192.0,0.056915283203125,0.096954345703125,5570,0.084991455078125,1
140.4131622314453,35.7968685648019,143.0,1,252,74.0,195.0,0.059661865234375,0.1129302978515625,5015,0.0765228271484375,1
139.6415252685547,35.89432260002641,142.0,1,253,74.0,195.0,0.0592193603515625,0.109954833984375,4419,0.0674285888671875,1
143.5616912841797,35.11920760799681,143.0,0,254,88.0,200.0,0.04034423828125,0.1267852783203125,4945,0.0754547119140625,1
140.6767578125,38.02160360453114,142.0,0,253,70.0,200.0,0.064697265625,0.1266021728515625,5952,0.0908203125,1
131.85302734375,31.953417336915074,130.0,1,252,84.0,188.0,0.04144287109375,0.0704498291015625,3827,0.0583953857421875,1
123.6593017578125,32.837096177968135,120.0,0,254,76.0,185.0,0.0615081787109375,0.0606689453125,4734,0.072235107421875,1
123.04617309570312,32.21402319500802,119.0,1,254,77.0,182.0,0.058380126953125,0.054473876953125,3733,0.0569610595703125,1
145.85995483398438,35.94730476504472,145.0,1,254,86.0,205.0,0.042510986328125,0.1459197998046875,5029,0.0767364501953125,1
136.3741912841797,31.970654552093382,134.0,2,253,89.0,192.0,0.036468505859375,0.0889739990234375,3005,0.0458526611328125,1
136.63853454589844,32.513963779433226,135.0,0,253,84.0,192.0,0.0420074462890625,0.089263916015625,3276,0.04998779296875,1
130.47958374023438,33.15855894296952,128.0,4,252,78.0,189.0,0.0539093017578125,0.07818603515625,4900,0.07476806640625,1
134.30172729492188,34.19711065846859,132.0,0,253,79.0,195.0,0.051055908203125,0.097320556640625,6182,0.094329833984375,1
123.37251281738281,34.868497474925604,121.0,1,255,70.0,186.0,0.084808349609375,0.064727783203125,6393,0.0975494384765625,1
120.55671691894531,30.995337642206554,116.0,4,253,78.0,180.0,0.0579376220703125,0.0488433837890625,3787,0.0577850341796875,1
130.02903747558594,35.47154185685958,128.0,1,252,75.0,192.0,0.064697265625,0.087860107421875,5456,0.083251953125,1
121.74252319335938,29.24175683260041,117.0,3,252,82.0,177.0,0.0402984619140625,0.042510986328125,2533,0.0386505126953125,1
135.04696655273438,40.71002959914469,136.0,0,255,65.0,201.0,0.0865631103515625,0.12396240234375,9456,0.144287109375,1
130.26004028320312,49.08169104809812,131.0,0,254,43.0,213.0,0.1520538330078125,0.1567840576171875,11748,0.17926025390625,1
141.4475555419922,40.080802128773016,143.0,0,254,70.0,205.0,0.0657958984375,0.1524505615234375,8079,0.1232757568359375,1
143.57725524902344,38.2061206441242,146.0,1,254,74.0,202.0,0.0593719482421875,0.1413726806640625,6821,0.1040802001953125,1
144.20626831054688,40.85376762748604,148.0,0,254,67.0,206.0,0.0705718994140625,0.1638336181640625,7176,0.1094970703125,1
131.72955322265625,31.91807669668136,131.0,1,254,82.0,185.0,0.042236328125,0.0643157958984375,1777,0.0271148681640625,1
132.131103515625,27.01337004583888,131.0,32,252,90.0,177.0,0.0198822021484375,0.0392303466796875,723,0.0110321044921875,1
129.49102783203125,29.681277288926687,129.0,13,254,81.0,177.0,0.0436248779296875,0.0378875732421875,2028,0.03094482421875,1
134.16836547851562,29.845045132879477,135.0,23,252,83.0,180.0,0.0402679443359375,0.0472412109375,2032,0.031005859375,1
134.16836547851562,29.845045132879477,135.0,23,252,83.0,180.0,0.0402679443359375,0.0472412109375,2032,0.031005859375,1
172.2029571533203,24.412459155759205,172.0,56,251,133.0,213.0,3.0517578125e-05,0.3765716552734375,243,0.0037078857421875,1
127.46717834472656,19.726576964962018,127.0,52,235,97.0,160.0,0.0032196044921875,0.0059814453125,62,0.000946044921875,1
128.15306091308594,18.853198119016653,127.0,62,233,99.0,161.0,0.0013427734375,0.006683349609375,56,0.0008544921875,1
129.1121063232422,22.51786649406977,128.0,40,241,94.0,167.0,0.0076446533203125,0.0130157470703125,138,0.002105712890625,1
148.93418884277344,33.863828309039775,148.0,54,253,95.0,208.0,0.0083465576171875,0.185272216796875,3059,0.0466766357421875,1
151.1298065185547,35.7064158289073,151.0,51,254,92.0,210.0,0.012481689453125,0.22344970703125,4639,0.0707855224609375,1
154.6613311767578,32.85386117233549,154.0,59,252,101.0,210.0,0.0034942626953125,0.2279510498046875,869,0.0132598876953125,1
152.93423461914062,37.23858970667948,154.0,51,251,89.0,213.0,0.017547607421875,0.2506256103515625,7595,0.1158905029296875,1
149.09368896484375,34.71816650773938,149.0,52,251,92.0,208.0,0.013427734375,0.19091796875,3527,0.0538177490234375,1
136.8699188232422,45.89611431254276,137.0,24,254,60.0,211.0,0.121429443359375,0.194793701171875,7192,0.1097412109375,1
137.5562744140625,44.19114788013273,137.0,23,254,64.0,210.0,0.104095458984375,0.1884765625,3234,0.049346923828125,1
130.26304626464844,47.956954783503406,130.0,23,254,51.0,209.0,0.1702728271484375,0.1686553955078125,10605,0.1618194580078125,1
133.29783630371094,16.481045804399052,133.0,60,248,107.0,160.0,0.0006866455078125,0.0035400390625,20,0.00030517578125,1
183.00242614746094,16.722412444863128,184.0,107,251,155.0,210.0,0.0,0.5768890380859375,0,0.0,1
172.00865173339844,28.757118496720484,172.0,54,254,123.0,219.25,0.001220703125,0.387725830078125,811,0.0123748779296875,1
168.27894592285156,29.449881595078047,170.0,51,254,117.0,214.0,0.002288818359375,0.3571319580078125,1531,0.0233612060546875,1
123.5911865234375,57.20559223679513,126.0,18,254,38.0,213.0,0.2842254638671875,0.1973724365234375,16320,0.2490234375,1
128.37905883789062,56.2822389466049,132.0,15,252,40.0,215.0,0.2498626708984375,0.215576171875,15835,0.2416229248046875,1
130.91432189941406,54.791931248513144,138.0,13,253,37.0,212.0,0.218353271484375,0.21148681640625,13264,0.202392578125,1
148.83514404296875,45.18643510484241,152.0,34,253,72.0,218.0,0.0784454345703125,0.2760162353515625,7728,0.117919921875,1
146.32205200195312,42.934968036111826,149.0,37,253,71.0,214.0,0.0798492431640625,0.2340240478515625,9405,0.1435089111328125,1
150.50685119628906,42.472172308352754,153.0,35,254,75.0,217.0,0.06298828125,0.26287841796875,9114,0.139068603515625,1
147.55599975585938,42.664178106691935,150.0,38,255,73.0,215.0,0.071319580078125,0.2395782470703125,8293,0.1265411376953125,1
143.96714782714844,44.59826376734735,145.0,24,254,68.0,216.0,0.0882110595703125,0.226348876953125,9011,0.1374969482421875,1
140.81622314453125,43.6648349003857,140.0,33,254,68.0,213.0,0.091339111328125,0.20050048828125,7132,0.10882568359375,1
139.71047973632812,48.27427744747214,142.0,12,254,57.0,216.0,0.129364013671875,0.224090576171875,11521,0.1757965087890625,1
145.74899291992188,44.89395071854981,147.0,28,254,68.0,216.0,0.0867156982421875,0.2452392578125,10327,0.1575775146484375,1
145.3023223876953,47.11584660385837,148.0,30,253,63.0,219.0,0.1052093505859375,0.256011962890625,11370,0.173492431640625,1
128.13800048828125,51.239765306241125,131.0,9,253,41.0,209.0,0.20294189453125,0.171356201171875,15008,0.22900390625,1
143.27023315429688,48.04422537327561,146.0,19,254,59.0,217.0,0.1165313720703125,0.248626708984375,14011,0.2137908935546875,1
134.0525665283203,49.36994539809302,136.0,15,254,52.0,213.0,0.1685333251953125,0.192626953125,14208,0.216796875,1
153.71038818359375,42.90404986274261,157.0,42,254,76.0,219.0,0.06109619140625,0.2952728271484375,12828,0.19573974609375,1
149.8749237060547,44.74623334998727,154.0,39,254,71.0,219.0,0.08306884765625,0.2751922607421875,12329,0.1881256103515625,1
154.44422912597656,43.857963911886394,158.0,38,254,79.0,221.0,0.052734375,0.3138275146484375,10873,0.1659088134765625,1
145.96792602539062,44.97977562368044,149.0,33,253,72.0,217.0,0.0843963623046875,0.25335693359375,9355,0.1427459716796875,1
124.74223327636719,44.71577697241603,114.0,34,254,67.0,211.0,0.14654541015625,0.145721435546875,3144,0.0479736328125,1
154.37425231933594,39.998352725130225,158.0,47,253,84.0,214.0,0.036529541015625,0.2967071533203125,11485,0.1752471923828125,1
151.86068725585938,41.37297197418742,155.0,34,253,79.0,214.0,0.05078125,0.278778076171875,11355,0.1732635498046875,1
154.67691040039062,41.8497145012159,159.0,35,254,81.0,217.0,0.0449066162109375,0.309722900390625,12004,0.18316650390625,1
131.3832244873047,22.689349581398325,131.0,36,231,95.0,169.0,0.0110321044921875,0.014312744140625,141,0.0021514892578125,1
170.6338653564453,27.627195962951582,171.0,48,247,125.0,214.0,0.0020904541015625,0.3773345947265625,494,0.007537841796875,1
172.5478973388672,25.2457754246566,173.0,53,248,131.0,213.0,0.0009765625,0.3887481689453125,203,0.0030975341796875,1
173.26943969726562,27.968263960573015,175.0,39,249,126.0,216.0,0.0023193359375,0.4216156005859375,897,0.0136871337890625,1
170.845703125,27.12753966084166,172.0,46,247,125.0,213.0,0.0018310546875,0.379669189453125,655,0.0099945068359375,1
172.83255004882812,25.716426674301232,174.0,55,248,129.0,213.0,0.0012054443359375,0.4012603759765625,464,0.007080078125,1
164.35986328125,39.115380414755954,171.0,33,250,88.0,218.0,0.02227783203125,0.398284912109375,2128,0.032470703125,1
168.88247680664062,20.356672536684858,169.0,70,243,135.0,201.0,0.000152587890625,0.2997589111328125,0,0.0,1
170.27865600585938,27.38785315589014,172.0,53,251,124.0,212.0,0.0009918212890625,0.3826751708984375,450,0.006866455078125,1
171.26470947265625,27.343119920214992,173.0,48,251,124.0,213.0,0.000701904296875,0.3945465087890625,401,0.0061187744140625,1
170.62660217285156,27.920521218146238,172.0,52,249,123.0,214.0,0.001068115234375,0.3885955810546875,753,0.0114898681640625,1
169.84230041503906,29.472339962369883,171.0,46,251,120.0,216.0,0.001922607421875,0.3839569091796875,2364,0.03607177734375,1
134.86849975585938,19.17141207469455,135.0,39,252,104.0,166.0,0.00372314453125,0.0115509033203125,194,0.002960205078125,1
177.44581604003906,24.377419248670193,179.0,66,253,135.0,215.0,0.000244140625,0.46893310546875,656,0.010009765625,1
176.7244110107422,25.12294524404667,178.0,66,253,133.0,216.0,0.000152587890625,0.4602203369140625,728,0.0111083984375,1
180.45579528808594,21.87720829358235,182.0,73,253,143.0,214.0,1.52587890625e-05,0.522735595703125,239,0.0036468505859375,1
189.58163452148438,19.14302330929303,190.0,86,253,157.0,219.0,0.0,0.70660400390625,198,0.003021240234375,1
181.14730834960938,23.67573964340385,182.0,68,255,141.0,218.0,0.0001983642578125,0.5321197509765625,747,0.0113983154296875,1
187.5514678955078,20.902607060247462,189.0,85,254,152.0,220.0,0.0,0.6542510986328125,388,0.00592041015625,1
181.8918914794922,23.27048994056981,183.0,82,254,142.0,218.0,0.0,0.5458831787109375,551,0.0084075927734375,1
180.7862548828125,25.10081231931213,183.0,72,254,136.0,219.0,3.0517578125e-05,0.5362701416015625,1052,0.01605224609375,1
181.7883758544922,25.99050905708146,183.0,76,254,136.0,222.0,1.52587890625e-05,0.5431671142578125,888,0.0135498046875,1
183.4719696044922,25.597083243911907,185.0,72,254,138.0,223.0,4.57763671875e-05,0.57061767578125,967,0.0147552490234375,1
175.60633850097656,24.45821598829811,177.0,72,255,133.0,214.0,0.0001068115234375,0.4393768310546875,615,0.0093841552734375,1
172.08078002929688,26.011216414693546,173.0,65,254,127.0,213.0,0.000213623046875,0.38922119140625,997,0.0152130126953125,1
183.1664276123047,22.965479868597996,184.0,82,254,144.0,219.0,0.0,0.5636138916015625,662,0.010101318359375,1
171.836181640625,25.14378550325713,173.0,57,253,129.0,212.0,0.0003662109375,0.3787384033203125,878,0.013397216796875,1
177.37429809570312,24.231798547521443,178.0,62,254,136.0,216.0,0.0001068115234375,0.4632720947265625,754,0.011505126953125,1
185.1939239501953,19.724890252649814,186.0,86,254,151.0,215.0,0.0,0.619293212890625,41,0.0006256103515625,1
181.3821563720703,24.201055750764716,183.0,78,254,139.0,218.0,1.52587890625e-05,0.5429534912109375,1083,0.0165252685546875,1
132.63795471191406,20.002259222773784,131.0,49,253,103.0,169.0,0.004669189453125,0.0229034423828125,34,0.000518798828125,1
175.447998046875,21.56193272908688,174.0,70,253,143.0,214.0,7.62939453125e-05,0.3666229248046875,74,0.001129150390625,1
170.33624267578125,22.22042443131781,168.0,67,254,137.0,211.0,4.57763671875e-05,0.2850494384765625,53,0.0008087158203125,1
174.59219360351562,25.630905428478556,174.0,51,254,133.0,219.0,0.00054931640625,0.38372802734375,928,0.01416015625,1
168.89276123046875,27.6570545008804,167.0,40,254,125.0,218.0,0.001678466796875,0.311614990234375,1707,0.0260467529296875,1
168.7593536376953,25.49050719633019,168.0,39,254,128.0,212.0,0.0023651123046875,0.30560302734375,561,0.0085601806640625,1
170.52084350585938,26.32636061635124,170.0,38,254,129.0,214.0,0.0037689208984375,0.3422088623046875,968,0.0147705078125,1
167.15147399902344,29.98560886250534,167.0,39,254,119.0,218.0,0.0050048828125,0.318511962890625,2193,0.0334625244140625,1
171.4613037109375,30.445914887060027,171.0,37,255,123.0,222.25,0.0044708251953125,0.377288818359375,1995,0.0304412841796875,1
167.47207641601562,30.407206700006085,167.0,28,254,118.0,218.0,0.0058135986328125,0.3272705078125,2187,0.0333709716796875,1
161.9368133544922,35.576076892651514,163.0,28,254,100.0,219.0,0.0188140869140625,0.3045654296875,6191,0.0944671630859375,1
156.41285705566406,38.79417457632556,158.0,17,253,86.0,217.0,0.0394287109375,0.2660675048828125,8153,0.1244049072265625,1
171.84994506835938,34.91618171393288,174.0,23,254,109.0,226.0,0.0161590576171875,0.4194793701171875,4746,0.072418212890625,1
123.77735900878906,29.761633499726464,118.0,26,253,85.0,184.0,0.031982421875,0.0588836669921875,3203,0.0488739013671875,1
181.52308654785156,30.18598281998092,178.0,60,255,138.0,239.0,0.0001678466796875,0.4633026123046875,2459,0.0375213623046875,1
165.25848388671875,30.115803126357783,162.0,56,255,121.0,224.0,0.0011749267578125,0.2619476318359375,1835,0.0279998779296875,1
173.96905517578125,28.832664796434567,170.0,56,255,132.0,230.0,0.0001068115234375,0.3588104248046875,1544,0.0235595703125,1
158.87692260742188,32.73953225561972,154.0,43,255,113.0,223.0,0.0036163330078125,0.2311553955078125,4315,0.0658416748046875,1
162.71163940429688,32.730290094509584,160.0,24,254,114.0,220.0,0.0123443603515625,0.2747955322265625,4454,0.067962646484375,1
160.76356506347656,32.707285610280636,157.0,17,254,113.0,219.0,0.009796142578125,0.257415771484375,4196,0.06402587890625,1
165.89125061035156,33.82926481712722,164.0,28,254,115.0,226.0,0.0115203857421875,0.30902099609375,4186,0.063873291015625,1
171.70791625976562,33.359483161107136,169.0,27,255,121.0,231.0,0.0076751708984375,0.3693084716796875,4215,0.0643157958984375,1
172.91017150878906,32.47223784664255,171.0,30,255,123.0,230.0,0.0040130615234375,0.3853302001953125,3521,0.0537261962890625,1
165.5656280517578,31.55928920224614,164.0,36,254,115.0,222.0,0.0047760009765625,0.2931060791015625,3164,0.04827880859375,1
162.16981506347656,33.51796664863869,160.0,28,255,110.0,222.0,0.0096893310546875,0.27392578125,4958,0.075653076171875,1
172.1885986328125,25.218223873249407,171.0,32,253,135.0,215.0,0.005615234375,0.3385009765625,1830,0.027923583984375,1
154.81298828125,31.7876018189522,152.0,31,255,109.0,212.0,0.01409912109375,0.198333740234375,3638,0.055511474609375,1
171.4390411376953,31.992637376011466,172.0,30,254,117.0,223.0,0.0137176513671875,0.373779296875,3323,0.0507049560546875,1
163.67190551757812,32.45606144570294,164.0,36,253,106.0,218.0,0.014862060546875,0.2789154052734375,3182,0.048553466796875,1
170.82432556152344,31.324451463087836,171.0,35,254,115.0,222.0,0.0108489990234375,0.36431884765625,2670,0.040740966796875,1
